3.827,1
5.038,1
5.674,1
5.751,1
7.881,1
8.121,1
9.992,1
10.584,1
11.012,1
14.47,1
14.953,1
16.747,1
16.804,1
17.07,1
17.757,1
18.112,1
19.078,1
19.392,1
19.545,1
19.939,1
20.418,1
20.472,1
20.65,1
21.412,1
21.539,1
21.982,1
23.105,1
25.104,1
26.169,1
29.821,1
30.427,1
32.931,1
33.283,1
35.59,1
37.864,1
38.053,1
38.354,1
38.424,1
38.825,1
39.831,1
40.283,1
41.385,1
42.723,1
45.726,1
46.068,1
46.332,1
48.483,1
48.515,1
48.736,1
49.052,1
49.064,1
53.951,1
54.664,1
58.571,1
60.178,1
61.805,1
63.954,1
64.043,1
64.379,1
64.803,1
65.647,1
65.732,1
66.639,1
66.784,1
66.851,1
66.919,1
67.835,1
69.478,1
69.861,1
71.072,1
71.689,1
72.006,1
72.39,1
74.642,1
77.586,1
78.664,1
79.012,1
79.148,1
80.038,1
82.181,1
83.061,1
83.331,1
83.794,1
84.127,1
84.193,1
84.555,1
84.778,1
84.905,1
84.94,1
87.348,1
87.569,1
89.728,1
89.77,1
90.513,1
92.365,1
93.45,1
96.286,1
97.12,1
100.99,1
101.738,1
104.426,1
105.613,1
105.698,1
106.338,1
107.231,1
108.435,1
108.511,1
108.735,1
109.528,1
110.523,1
110.945,1
112.202,1
113.57,1
114.809,1
114.849,1
115.448,1
119.703,1
121.031,1
121.572,1
121.888,1
121.91,1
122.077,1
122.116,1
122.877,1
123.274,1
123.308,1
123.65,1
124.937,1
125.277,1
125.382,1
125.519,1
125.667,1
126.548,1
126.647,1
127.207,1
127.416,1
127.498,1
128.115,1
129.489,1
129.888,1
130.439,1
131.762,1
131.814,1
131.867,1
132.323,1
132.327,1
132.687,1
132.722,1
133.304,1
133.656,1
133.673,1
134.754,1
135.458,1
135.57,1
135.682,1
136.007,1
136.23,1
136.866,1
136.926,1
136.996,1
138.124,1
139.881,1
140.027,1
140.688,1
141.295,1
141.5,1
142.371,1
142.911,1
143.48,1
143.551,1
145.764,1
145.855,1
146.114,1
146.285,1
148.228,1
148.843,1
149.184,1
149.342,1
149.416,1
149.657,1
150.596,1
150.779,1
152.305,1
152.879,1
153.946,1
154.031,1
154.138,1
154.165,1
154.974,1
155.444,1
156.042,1
156.053,1
156.601,1
157.304,1
159.203,1
159.865,1
160.004,1
160.39,1
160.698,1
163.542,1
163.593,1
163.893,1
164.695,1
166.698,1
166.922,1
167.202,1
167.529,1
167.804,1
168.275,1
169.244,1
169.671,1
169.73,1
170.48,1
171.167,1
171.512,1
173.709,1
173.782,1
174.371,1
174.848,1
178.385,1
179.678,1
181.092,1
181.143,1
181.647,1
182.42,1
182.898,1
182.949,1
183.788,1
184.301,1
184.639,1
184.787,1
185.713,1
186.531,1
187.701,1
188.252,1
188.709,1
189.587,1
189.655,1
190.732,1
192.738,1
193.766,1
194.616,1
196.517,1
196.687,1
199.741,1
201.017,1
201.87,1
202.043,1
202.699,1
203.864,1
204.706,1
205.228,1
205.837,1
205.98,1
206.371,1
206.797,1
208.294,1
208.356,1
208.744,1
209.015,1
209.888,1
210.324,1
212.11,1
213.023,1
213.081,1
213.114,1
213.864,1
214.527,1
215.475,1
216.936,1
217.414,1
217.83,1
219.173,1
222.1,1
222.937,1
223.228,1
223.631,1
223.688,1
223.859,1
224.09,1
224.32,1
224.503,1
224.779,1
226.091,1
226.433,1
226.479,1
226.533,1
226.848,1
227.019,1
227.974,1
228.138,1
228.798,1
230.203,1
230.902,1
231.059,1
231.932,1
232.305,1
232.571,1
232.649,1
232.888,1
233.871,1
235.182,1
235.341,1
235.49,1
235.558,1
236.282,1
237.025,1
237.136,1
237.206,1
238.492,1
238.823,1
239.498,1
239.683,1
239.855,1
240.586,1
240.76,1
243.151,1
243.697,1
243.772,1
244.505,1
245.117,1
245.376,1
247.331,1
248.166,1
248.213,1
248.23,1
248.449,1
249.084,1
249.33,1
249.422,1
249.471,1
249.541,1
249.723,1
250.345,1
250.417,1
250.427,1
250.433,1
250.543,1
251.161,1
251.403,1
251.86,1
251.96,1
251.984,1
252.127,1
252.583,1
253.999,1
254.357,1
254.363,1
255.355,1
255.569,1
255.629,1
255.807,1
256.023,1
256.074,1
256.189,1
256.611,1
256.834,1
256.932,1
257.277,1
257.979,1
258.312,1
258.313,1
258.44,1
258.788,1
258.979,1
259.058,1
259.16,1
259.196,1
259.821,1
259.94,1
259.966,1
259.971,1
260.381,1
260.503,1
261.249,1
261.8,1
261.837,1
261.994,1
262.045,1
262.197,1
262.473,1
263.119,1
263.145,1
263.159,1
263.445,1
263.476,1
263.544,1
263.56,1
264.12,2
264.126,1
264.224,1
264.467,1
264.958,1
265.236,1
265.264,1
265.327,1
265.48,1
265.779,1
265.811,1
265.983,1
266.042,1
266.08,1
266.279,1
266.423,1
266.657,1
267.009,1
267.03,1
267.043,1
267.118,1
267.258,1
267.364,1
267.393,1
267.655,1
267.731,1
268.232,1
268.393,1
268.527,1
268.669,1
269.134,1
269.403,1
269.676,1
270.159,1
270.53,1
270.537,1
270.763,1
271.131,1
271.479,1
271.684,1
271.79,1
272.33,1
272.5,1
272.506,1
272.87,1
273.024,1
273.16,1
273.363,1
273.417,1
273.458,1
273.755,1
273.79,1
273.955,1
274.022,1
274.078,1
274.088,1
274.308,1
274.387,1
274.479,1
274.651,1
274.739,1
275.141,1
275.215,1
275.451,1
275.717,1
275.959,1
275.991,1
276.411,1
276.962,1
276.991,1
277.17,1
277.255,1
277.589,1
277.867,1
277.887,1
277.897,1
278.31,1
278.425,1
278.519,1
278.663,1
279.067,2
279.082,1
279.126,1
279.134,1
279.157,1
279.291,1
279.585,1
279.724,1
279.798,1
280.164,1
280.853,1
281.536,1
281.557,1
282.045,1
282.072,1
282.471,1
282.587,1
282.59,1
282.867,1
282.896,1
282.955,1
282.968,1
282.995,1
283.109,1
283.271,1
284.249,1
284.262,1
284.406,1
284.801,1
284.844,1
284.921,1
285.069,1
285.65,1
285.977,1
286.793,1
286.946,1
287.167,1
287.238,1
287.336,1
287.369,1
287.556,1
287.669,1
287.826,1
287.93,1
288.511,1
288.844,1
288.937,1
289.132,1
289.651,1
289.704,1
289.823,1
289.931,1
290.039,1
290.438,1
291.208,1
291.47,1
291.499,1
291.552,1
291.944,1
292.285,1
292.292,1
292.836,1
293.021,1
293.061,1
293.099,1
293.758,1
293.855,1
293.915,1
293.993,1
294.091,1
294.28,1
294.899,1
295.043,1
295.724,1
295.779,1
296.133,1
296.348,1
296.852,1
296.966,1
297.509,1
297.776,1
298.188,1
298.773,1
298.829,1
298.853,1
299.236,1
299.309,1
299.689,1
299.872,1
299.918,1
300.443,1
300.506,1
300.508,1
301.542,1
301.84,1
301.872,1
302.144,1
302.277,1
302.496,1
302.542,1
302.704,1
303.701,1
303.933,1
303.978,1
304.193,1
304.275,1
304.544,1
304.582,1
304.799,1
304.818,1
304.913,1
304.989,1
305.194,1
305.97,1
306.107,1
306.586,1
306.825,1
306.832,1
307.158,1
307.26,1
307.402,1
307.734,1
308.097,1
308.245,1
308.39,1
308.478,1
308.75,1
309.1,1
309.169,1
309.778,1
309.813,1
309.934,1
310.36,1
310.369,1
310.994,1
311.061,1
311.076,1
311.564,1
311.589,1
311.645,1
312.174,1
312.39,1
312.419,1
313.361,1
313.84,1
313.875,1
313.965,1
314.565,1
314.572,1
314.588,1
314.801,1
314.92,1
315.165,1
315.798,1
315.898,1
316.309,1
316.769,1
316.864,1
317.2,1
317.537,1
317.656,1
317.68,1
317.703,1
318.012,1
318.228,1
318.411,1
318.604,1
319.098,1
319.121,1
319.144,1
319.595,1
319.732,1
320.514,1
321.149,1
321.23,1
321.827,1
322.123,1
322.442,1
322.692,1
322.813,1
323.022,1
323.315,1
323.59,1
324.392,1
324.464,1
324.514,1
324.698,1
325.059,1
326.94,1
327.128,1
327.395,1
327.421,1
327.639,1
327.682,1
327.742,1
327.766,1
327.904,1
328.328,1
328.38,1
329.015,1
329.635,1
329.863,1
329.924,1
330.111,1
330.27,1
330.88,1
331.09,1
331.599,1
331.611,1
332.091,1
332.104,1
332.571,1
332.685,1
333.534,1
333.892,1
334.445,1
334.495,1
334.769,1
335.173,1
335.273,1
335.275,1
335.896,1
335.993,1
336.691,1
336.957,1
337.511,1
337.806,1
337.83,1
337.893,1
337.996,1
338.09,1
338.269,1
338.498,1
338.768,1
338.795,1
339.1,1
339.238,1
339.476,1
339.499,1
339.587,1
339.651,1
339.652,1
339.801,1
339.86,1
340.292,1
340.429,1
340.789,1
340.917,1
340.968,1
341.792,1
342.282,1
342.686,1
342.756,1
343.422,1
343.672,1
343.994,1
344.336,1
344.583,1
344.879,1
345.851,1
346.623,1
347.69,1
348.124,1
348.128,1
348.239,1
348.737,1
349.023,1
349.48,1
349.992,1
350.041,1
350.754,1
350.976,1
350.991,1
351.246,1
351.347,1
351.884,1
352.764,1
352.771,1
352.773,1
352.976,1
353.135,1
353.173,1
353.527,1
353.684,1
353.71,1
354.022,1
354.127,1
354.385,1
354.623,1
354.708,1
354.868,1
355.123,1
355.183,1
355.822,1
355.953,1
356.274,1
356.304,1
356.382,1
356.429,1
356.565,1
357.473,1
357.829,1
357.897,1
358.36,1
358.469,1
358.709,1
358.921,1
358.925,1
358.951,1
358.986,1
359.447,1
359.525,1
359.831,1
360.041,1
360.385,1
360.451,1
361.182,1
362.223,1
362.241,1
362.256,1
362.28,1
362.321,1
362.345,1
362.432,1
362.652,1
362.658,1
363.414,1
363.477,1
363.557,1
364.029,1
364.155,1
364.391,1
364.474,1
365.657,1
365.705,1
365.797,1
366.72,1
366.752,1
366.95,1
367.744,1
368.001,1
368.242,1
368.292,1
368.431,1
368.588,1
368.61,1
368.71,1
368.924,1
369.049,1
369.382,1
369.802,1
370.953,1
371.148,1
371.475,1
372.153,1
372.591,1
372.657,1
372.732,1
373.026,1
373.102,1
373.212,1
373.281,1
373.489,1
373.549,1
373.662,1
373.679,1
373.776,1
373.806,1
374.031,1
374.138,1
374.195,1
374.403,1
374.446,1
374.452,1
374.542,1
374.56,1
374.659,1
374.908,1
374.98,1
375.264,1
375.368,1
375.538,1
376.15,1
376.582,1
376.706,1
376.714,1
376.83,1
376.884,1
377.031,1
377.529,1
377.639,1
377.86,1
378.344,1
378.392,1
378.563,1
379.118,1
379.167,1
379.221,1
379.34,1
379.494,1
379.676,1
379.714,1
379.757,1
379.964,1
379.992,1
380.078,1
380.249,1
380.251,1
380.429,1
380.45,1
380.506,1
380.569,1
380.698,1
380.713,1
380.793,1
380.834,1
381.024,1
381.031,1
381.092,1
381.173,1
381.221,1
381.338,1
381.343,1
381.357,1
381.421,1
381.425,1
381.44,1
381.489,1
381.729,1
381.759,1
381.947,1
381.973,1
382.112,1
382.573,1
382.599,1
382.611,1
382.815,1
382.853,1
383.142,1
383.24,1
383.374,1
383.424,1
383.496,1
383.958,1
384.059,1
384.17,1
384.244,1
384.73,1
384.895,1
385.086,1
385.104,1
385.238,1
385.334,1
385.384,1
385.598,1
385.727,1
385.75,1
385.792,1
385.822,1
385.962,1
386.148,1
386.243,1
386.388,1
386.467,1
386.702,1
386.903,1
386.962,1
387.026,1
387.225,1
387.282,1
387.485,1
387.574,1
387.656,1
387.717,1
388.44,1
388.531,1
388.679,1
388.691,1
388.748,1
388.751,1
388.912,1
389.033,1
389.058,1
389.121,1
389.144,1
389.336,1
389.352,1
389.393,1
389.496,1
389.852,1
389.931,1
389.983,1
389.994,1
390.107,1
390.119,1
390.146,1
390.299,1
390.344,1
390.421,1
390.457,1
390.542,1
390.914,1
390.94,1
390.947,1
390.974,1
390.982,1
391.141,1
391.198,1
391.27,1
391.303,1
391.308,1
391.935,1
392.204,1
392.5,1
392.653,1
392.801,1
392.91,1
392.961,1
393.14,1
393.234,1
393.241,1
393.436,1
393.442,2
393.56,1
393.634,1
393.715,1
393.86,1
394.157,1
394.274,1
394.293,1
394.298,1
394.385,1
394.488,1
394.739,1
395.018,1
395.03,1
395.062,1
395.194,1
395.56,1
395.596,1
395.713,1
396.57,1
396.705,1
396.786,1
397.297,1
397.422,1
397.711,1
397.886,1
398.121,1
398.173,1
398.244,1
398.366,1
398.404,1
398.469,1
398.472,1
398.604,1
398.627,1
398.642,1
398.733,1
398.96,1
398.994,1
399.028,1
399.048,1
399.056,1
399.326,1
399.712,1
399.715,1
399.788,1
399.859,1
400.086,1
400.134,1
400.243,1
400.293,1
400.486,1
400.551,1
400.784,1
400.787,1
400.913,1
400.949,1
401.155,1
401.187,1
401.279,1
401.291,1
401.528,1
401.724,1
402.001,1
402.044,1
402.135,1
402.194,1
402.241,1
402.333,1
403.167,1
403.186,1
403.193,1
403.245,1
403.374,1
403.429,1
403.498,1
403.651,1
403.676,1
403.811,1
403.869,1
403.93,1
403.974,1
403.997,1
404.446,1
404.545,1
404.86,1
405.017,1
405.022,1
405.343,1
405.489,1
405.524,1
405.556,1
405.585,1
405.593,1
406.163,1
406.603,1
406.71,1
406.727,1
407.203,1
407.229,1
407.291,1
407.352,1
407.621,1
407.658,1
407.812,1
407.882,1
408.037,1
408.138,1
408.141,1
408.144,1
408.395,1
408.425,1
408.55,1
408.588,1
408.631,1
408.646,1
408.649,1
408.683,1
408.702,1
409.181,1
409.396,1
409.415,1
409.644,1
409.7,1
409.851,1
410.137,1
410.519,1
410.531,1
410.614,1
410.62,1
410.643,1
410.665,1
410.734,1
411.163,1
411.228,1
411.554,1
411.596,1
411.657,1
412.09,1
412.203,1
412.213,1
412.22,1
412.378,1
412.515,1
412.64,1
412.712,1
412.731,1
412.989,1
413.018,1
413.05,1
413.428,1
413.449,1
413.544,1
414.028,1
414.149,1
414.366,1
414.481,1
414.881,1
415.052,1
415.174,1
415.305,1
415.454,1
415.476,1
415.484,1
416.01,1
416.232,1
416.263,1
416.483,1
416.868,1
416.891,1
416.916,1
416.938,1
417.075,1
417.081,1
417.105,1
417.245,1
417.393,1
417.528,1
417.662,1
417.696,1
417.816,1
418.254,1
418.349,1
418.6,1
418.605,1
418.841,1
418.975,1
419.046,1
419.085,1
419.645,1
419.649,1
419.67,1
419.693,1
420.002,1
420.109,1
420.261,1
420.313,1
420.353,1
420.4,1
420.592,1
420.636,1
420.721,1
420.826,1
421.161,1
421.229,1
421.288,1
421.315,1
421.354,1
421.646,1
421.843,1
422.11,1
422.139,1
422.246,1
422.502,1
422.683,1
423.296,1
423.323,1
423.637,1
423.737,1
423.773,1
423.861,1
423.945,1
424.001,1
424.215,1
424.263,1
424.382,1
424.407,1
424.464,1
424.504,1
424.584,1
424.724,1
424.751,1
424.861,1
424.909,1
424.944,1
425.012,1
425.146,1
425.23,1
425.29,1
425.457,1
425.694,1
425.793,1
425.808,1
425.83,1
426.177,1
426.259,1
426.341,1
426.528,1
426.567,1
426.677,1
426.698,1
426.781,1
426.939,1
426.985,1
427.063,1
427.321,1
427.378,1
427.688,1
427.783,1
428.176,1
428.368,1
428.386,1
428.535,1
428.608,1
428.975,1
429.041,1
429.136,1
429.202,1
429.246,1
429.348,1
429.377,1
429.464,1
429.883,1
430.17,1
430.235,1
430.264,1
430.59,1
430.612,1
430.703,1
430.963,1
430.971,1
430.975,1
430.977,1
430.984,1
431.14,1
431.166,1
431.62,1
431.78,1
432.366,1
432.391,1
432.399,1
432.484,1
432.696,1
432.792,1
432.83,1
433.03,1
433.514,1
433.835,1
433.89,1
434.107,1
434.2,1
434.249,1
434.272,1
434.6,1
434.659,1
434.741,1
434.794,1
434.846,1
435.065,1
435.091,1
435.114,1
435.358,1
435.513,1
435.564,1
435.636,1
435.744,1
435.875,1
435.885,1
436.07,1
436.354,1
436.374,1
436.618,1
436.767,1
436.788,1
436.845,1
436.974,1
437.153,1
437.275,1
437.321,1
437.456,1
437.519,1
437.722,1
437.738,1
437.784,1
437.872,1
437.896,1
437.965,1
438.097,1
438.533,1
438.669,1
438.707,1
438.716,1
438.764,1
438.77,1
438.897,1
439.051,1
439.307,1
439.509,1
439.549,1
439.974,1
440.001,1
440.306,1
440.522,1
440.551,1
440.58,1
440.848,1
440.917,1
440.94,1
441.125,1
441.135,1
441.238,1
441.338,1
441.456,1
441.524,1
441.611,1
441.662,1
441.69,1
441.691,1
441.693,1
441.711,1
441.758,1
441.946,1
441.993,1
442.042,1
442.131,1
442.22,1
442.26,1
442.338,1
442.345,1
442.467,1
442.69,1
442.711,1
442.846,1
442.912,1
442.924,1
443.177,1
443.245,1
443.39,1
443.481,1
443.487,1
443.607,1
443.614,1
443.755,1
443.91,1
444.26,1
444.382,1
444.632,1
444.634,1
444.795,1
444.846,1
444.885,1
444.979,1
445.141,1
445.266,1
445.442,1
445.514,1
445.52,1
445.794,1
446.055,1
446.231,1
446.259,1
446.294,1
446.477,1
446.549,1
446.62,1
446.696,1
446.875,1
446.904,1
447.048,1
447.389,1
447.534,1
447.906,1
447.965,1
448.201,1
448.391,1
448.498,1
448.57,1
448.723,1
448.754,1
449.082,1
449.284,1
449.358,1
449.418,1
449.627,1
449.827,1
449.986,1
450.065,1
450.123,1
450.158,1
450.164,1
450.28,1
450.344,1
450.4,1
450.424,1
450.655,1
450.715,1
450.792,1
450.819,1
450.872,1
451.258,1
451.363,1
451.513,1
451.7,1
451.766,1
452.053,1
452.088,1
452.143,1
452.167,1
452.189,1
452.376,1
452.413,1
452.461,1
452.522,1
452.75,1
452.795,1
452.999,1
453.059,1
453.121,1
453.127,1
453.386,1
453.531,1
453.561,1
453.702,1
453.915,1
453.918,1
454.03,1
454.111,1
454.139,1
454.142,1
454.188,1
454.226,1
454.253,1
454.36,1
454.461,1
454.687,1
454.731,1
454.777,2
454.784,1
454.815,1
454.976,1
455.074,1
455.138,1
455.194,1
455.435,1
455.614,1
455.642,1
455.644,1
455.835,1
455.838,1
455.899,1
456.044,1
456.268,1
456.547,1
456.566,1
456.698,1
456.703,1
456.738,1
456.958,1
457.018,1
457.078,1
457.195,1
457.199,1
457.205,1
457.605,1
457.735,1
457.736,1
457.747,1
457.775,1
457.779,1
457.988,1
457.992,1
458.001,1
458.175,1
458.211,1
458.31,1
458.341,1
458.632,1
458.802,1
459.056,1
459.06,1
459.109,1
459.358,1
459.651,1
459.839,1
460.176,1
460.301,1
460.313,1
460.431,1
460.527,1
460.635,1
460.857,1
460.862,1
460.946,1
460.961,1
461.107,1
461.22,1
461.409,1
461.443,1
461.549,1
461.605,1
461.606,1
461.726,1
461.908,1
461.929,1
461.935,1
462.25,1
462.349,1
462.39,1
462.425,1
462.511,1
462.622,1
462.636,1
462.686,1
462.749,1
462.832,1
462.998,1
463.072,1
463.126,1
463.222,1
463.243,1
463.31,1
463.686,1
463.858,1
463.935,1
464.121,1
464.181,1
464.279,1
464.395,1
464.844,1
464.881,1
464.905,1
465.188,1
465.231,1
465.313,1
465.337,1
465.536,1
465.559,1
465.569,1
465.586,1
465.59,1
465.685,1
465.745,1
465.77,1
465.883,1
466.009,1
466.026,1
466.142,1
466.398,1
466.509,1
466.614,1
466.696,1
466.703,1
466.837,1
466.87,1
467.03,1
467.04,1
467.313,1
467.321,1
467.37,1
467.541,1
467.805,1
467.945,1
468.281,1
468.396,1
468.624,1
468.801,1
468.871,1
468.92,1
468.933,1
469.076,1
469.12,1
469.208,1
469.471,1
469.507,1
469.608,1
469.795,1
469.826,1
470.008,1
470.011,1
470.017,1
470.123,1
470.178,1
470.202,1
470.255,1
470.325,1
470.333,1
470.348,1
470.35,1
470.701,1
470.751,1
470.898,1
470.914,1
471.02,1
471.045,1
471.103,1
471.277,1
471.278,1
471.308,1
471.509,1
471.606,1
471.721,1
472.078,1
472.081,1
472.14,1
472.404,1
472.456,1
472.507,1
472.581,1
472.625,1
472.675,1
472.689,1
472.708,1
472.713,1
472.915,1
472.921,1
472.928,1
472.938,1
472.941,1
473.111,1
473.466,1
473.492,1
473.698,1
473.882,1
473.893,1
473.931,1
473.998,1
474.007,1
474.065,1
474.154,1
474.34,1
474.484,1
474.562,1
474.595,1
474.637,1
474.669,1
474.683,1
474.719,1
474.756,1
474.794,1
475.111,1
475.114,1
475.214,1
475.3,1
475.397,1
475.632,1
475.809,1
475.954,1
475.992,1
476.07,1
476.134,1
476.15,1
476.152,1
476.154,1
476.504,1
476.729,1
476.883,1
477.082,1
478.001,1
478.069,1
478.348,1
478.525,2
478.73,1
478.799,1
478.851,1
479.135,1
479.219,1
479.223,1
479.591,1
479.64,1
479.68,1
479.687,1
479.716,1
479.878,1
480.067,1
480.08,1
480.379,1
480.42,1
480.655,1
481.284,1
481.347,1
481.401,1
481.611,1
482.026,1
482.19,1
482.222,1
482.279,1
482.444,1
482.477,1
482.673,1
482.771,1
483.085,1
483.102,1
483.371,1
483.616,1
483.633,1
483.672,1
483.853,1
483.992,1
484.0,1
484.087,1
484.297,1
484.344,1
484.473,1
484.523,1
484.531,1
484.686,1
484.733,1
484.736,1
484.967,1
484.989,1
485.196,1
485.259,1
485.29,1
485.953,1
485.963,1
486.161,1
486.462,1
486.469,1
486.642,1
486.891,1
486.963,1
487.189,1
487.42,1
487.555,1
488.002,1
488.465,1
488.495,1
488.712,1
488.808,1
488.903,1
489.031,1
489.112,1
489.454,1
489.569,1
489.585,1
489.675,1
489.821,1
490.013,1
490.086,1
490.125,1
490.227,1
490.273,1
490.287,1
490.288,1
490.494,1
490.621,1
490.627,1
490.875,1
490.922,1
490.936,1
490.964,1
490.966,1
491.029,1
491.326,1
491.675,1
491.691,1
491.793,1
491.979,1
492.008,1
492.066,1
492.178,1
492.184,1
492.255,1
492.319,1
492.562,1
492.619,1
492.901,1
493.176,1
493.485,1
493.938,1
493.972,1
494.389,1
494.414,1
494.424,1
494.479,1
494.68,1
494.834,1
494.872,1
494.967,1
494.97,1
495.008,1
495.315,1
495.469,1
495.579,1
495.605,1
495.723,1
496.124,1
496.368,1
496.433,1
496.556,1
496.627,1
496.652,1
496.771,1
496.803,1
496.835,1
496.896,1
496.914,1
496.923,1
497.231,1
497.341,1
497.346,1
497.391,1
497.546,1
497.637,1
497.674,1
497.689,1
497.837,1
497.939,1
498.007,1
498.085,1
498.112,1
498.176,1
498.201,1
498.211,1
498.215,1
498.407,1
498.468,1
498.521,1
498.641,1
498.878,1
498.997,1
499.091,1
499.161,1
499.163,1
499.208,1
499.218,1
499.237,1
499.469,1
499.608,1
499.642,1
499.78,1
499.832,1
500.219,1
500.249,1
500.276,1
500.429,1
500.48,1
500.511,1
500.53,1
500.554,1
500.803,1
500.916,1
501.16,1
501.166,1
501.243,1
501.45,1
501.535,1
501.546,1
501.556,1
501.559,1
501.616,2
501.635,1
501.666,1
501.993,1
502.008,1
502.115,1
502.186,1
502.251,1
502.32,1
502.331,1
502.472,1
502.482,1
502.584,1
502.67,1
503.114,1
503.166,1
503.212,1
503.263,1
503.412,1
503.437,1
503.462,1
503.537,1
503.634,1
503.69,1
504.07,1
504.567,1
504.577,1
504.911,1
505.17,1
505.359,1
505.491,1
505.737,1
505.745,1
505.83,1
505.921,1
505.926,1
506.135,1
506.161,1
506.244,1
506.503,1
506.536,1
506.549,1
506.583,1
506.607,1
506.846,1
506.9,1
507.317,1
507.353,1
507.562,1
507.603,1
507.618,1
507.629,1
507.641,1
507.664,1
507.849,1
507.867,1
507.939,1
508.073,1
508.177,1
508.209,1
508.226,1
508.243,1
508.522,1
508.555,1
508.714,1
508.719,1
508.883,1
508.917,1
508.933,1
509.155,1
509.186,1
509.259,1
509.343,1
509.448,1
509.48,1
509.613,1
509.647,1
509.656,1
509.683,1
509.729,1
509.917,1
509.935,1
510.004,1
510.192,1
510.256,1
510.263,1
510.302,1
510.317,1
510.333,1
510.388,1
510.391,1
510.539,1
510.673,1
510.682,1
510.71,1
510.756,1
510.819,1
511.13,1
511.219,1
511.236,1
511.268,1
511.304,1
511.832,1
512.093,1
512.104,1
512.118,1
512.186,1
512.227,1
512.341,1
512.502,1
512.525,1
512.527,1
512.742,1
512.844,1
512.888,1
512.987,1
512.989,1
513.023,1
513.21,1
513.23,1
513.233,1
513.251,1
513.3,1
513.318,1
513.47,1
513.557,1
513.813,1
513.871,1
513.888,1
513.917,1
514.074,1
514.44,2
514.562,1
514.632,1
514.715,1
514.733,1
514.918,1
514.959,1
515.017,1
515.051,1
515.117,1
515.178,1
515.249,1
515.414,1
515.522,1
515.63,1
515.771,1
515.828,1
515.873,1
515.884,1
515.935,1
516.18,1
516.544,1
516.711,1
516.724,1
516.872,1
516.985,1
517.099,1
517.138,1
517.192,1
517.414,1
517.673,1
517.875,1
517.877,1
518.003,1
518.332,1
518.688,1
518.919,1
518.957,1
519.012,1
519.034,1
519.209,1
519.218,1
519.328,1
519.353,1
519.508,1
519.569,1
519.584,1
519.598,1
519.976,1
520.121,1
520.211,1
520.269,1
520.57,1
520.619,1
520.963,1
521.024,1
521.188,1
521.196,1
521.242,1
521.267,1
521.47,1
521.48,1
521.49,1
521.802,1
521.859,1
522.079,1
522.22,1
522.27,1
522.307,1
522.373,1
522.514,1
522.646,1
523.104,1
523.134,1
523.17,1
523.187,1
523.196,1
523.294,1
523.386,1
523.901,1
524.007,1
524.082,1
524.279,1
524.329,1
524.56,2
524.815,1
524.95,1
525.105,1
525.129,1
525.238,1
525.342,1
525.349,1
525.366,1
525.643,1
525.755,1
525.821,1
525.935,1
525.964,1
526.153,1
526.371,1
526.575,1
526.581,1
526.814,1
527.06,1
527.539,1
527.826,1
527.865,1
528.031,1
528.034,1
528.221,1
528.282,1
528.3,1
528.393,1
528.666,1
528.814,1
528.943,1
529.002,1
529.101,1
529.197,1
529.264,1
529.372,1
529.945,1
529.975,1
530.034,1
530.155,1
530.221,1
530.37,1
530.465,1
530.494,1
530.597,1
530.613,1
530.922,1
531.548,1
531.844,1
531.883,1
531.925,1
531.934,1
531.973,1
532.041,1
532.083,1
532.108,1
532.148,1
532.258,1
532.267,1
532.35,1
532.67,1
532.828,1
533.021,1
533.045,1
533.149,1
533.425,1
533.526,1
533.641,1
533.664,1
533.762,1
533.975,1
534.037,1
534.082,1
534.183,1
534.398,1
534.462,1
534.565,1
534.572,1
534.848,1
535.144,1
535.202,1
535.351,1
535.389,1
535.41,1
535.517,1
535.532,1
535.845,1
535.962,1
536.074,1
536.317,1
536.382,1
536.392,1
536.45,1
536.677,1
536.777,1
536.888,1
536.89,1
536.917,1
536.999,1
537.286,1
537.289,1
537.334,1
537.525,1
537.602,1
537.66,1
537.697,1
537.775,1
537.806,1
537.884,1
538.001,1
538.013,1
538.116,1
538.168,1
538.497,1
538.525,1
538.542,1
538.582,1
538.714,1
538.845,1
538.86,1
538.938,1
539.004,1
539.133,1
539.225,2
539.382,1
539.398,1
539.599,1
539.946,1
539.97,1
540.031,1
540.088,1
540.111,1
540.172,1
540.324,1
540.554,1
540.699,1
540.754,1
540.781,2
540.821,1
540.853,1
541.037,1
541.141,1
541.176,1
541.407,1
541.522,1
541.561,1
541.718,1
541.82,1
541.829,1
541.961,1
542.007,1
542.016,1
542.038,1
542.075,1
542.09,1
542.103,1
542.128,1
542.197,1
542.292,1
542.502,1
542.608,1
542.61,1
542.651,1
542.689,1
542.903,1
543.023,1
543.084,1
543.135,1
543.148,1
543.183,1
543.275,1
543.418,1
543.466,1
543.811,1
543.841,1
543.877,1
543.926,1
544.208,1
544.384,1
544.413,1
544.433,1
544.468,1
544.475,1
544.558,1
544.618,1
544.858,1
544.955,1
544.996,1
545.052,1
545.069,1
545.074,1
545.147,1
545.229,1
545.281,1
545.305,1
545.344,1
545.398,1
545.576,1
545.58,1
545.691,1
545.812,1
546.019,1
546.079,1
546.16,1
546.22,1
546.542,1
546.549,1
546.794,1
546.9,1
546.944,1
547.048,1
547.103,1
547.107,1
547.159,1
547.53,1
547.564,1
547.695,1
547.771,1
547.804,1
547.906,1
548.147,1
548.205,1
548.283,1
548.312,1
548.33,1
548.37,1
548.398,1
548.415,1
548.528,1
548.721,1
548.724,1
548.891,1
548.967,1
548.979,1
549.011,1
549.339,1
549.343,1
549.457,1
549.663,1
549.739,1
549.97,1
550.002,1
550.121,1
550.316,1
550.378,1
550.475,1
550.836,1
550.921,1
551.119,1
551.229,1
551.369,1
551.87,1
551.885,1
551.918,1
551.933,1
551.95,1
551.952,1
551.991,1
552.026,1
552.083,1
552.115,1
552.121,1
552.304,1
552.368,1
552.43,1
552.482,1
552.609,1
552.665,1
552.746,1
552.817,1
552.964,1
553.087,1
553.124,1
553.347,1
553.458,1
553.674,1
553.706,1
553.72,1
553.763,1
553.787,1
553.895,1
553.995,1
554.112,1
554.118,1
554.161,1
554.366,1
554.407,1
554.52,1
554.591,1
554.596,1
554.604,1
554.619,1
554.622,1
554.637,1
554.677,1
554.686,1
554.823,1
554.898,1
554.95,1
554.968,1
554.993,1
555.0,1
555.019,1
555.136,1
555.145,1
555.165,1
555.304,1
555.377,1
555.473,1
555.777,1
555.958,1
555.972,1
556.046,1
556.1,1
556.191,1
556.245,1
556.258,1
556.292,1
556.332,1
556.39,1
556.414,1
556.438,1
556.461,1
556.532,2
557.09,1
557.233,1
557.425,1
557.454,1
557.718,1
557.738,1
557.743,1
557.782,1
557.867,1
558.177,1
558.515,1
559.915,1
560.575,1
560.759,1
560.848,1
561.527,1
561.542,1
561.63,1
562.168,1
562.182,1
562.349,1
562.377,1
562.55,1
562.551,1
562.571,1
562.896,1
563.128,1
563.731,1
563.98,1
565.137,1
565.251,1
565.328,1
565.491,1
565.833,1
566.12,1
566.561,1
566.766,1
567.318,1
567.454,1
567.559,1
567.658,1
567.668,1
567.83,1
568.302,1
568.402,1
568.746,1
568.947,1
569.054,1
569.148,1
569.296,1
570.018,1
570.034,1
570.766,1
571.136,1
571.246,1
571.312,1
571.378,1
571.64,1
571.702,1
572.036,1
572.157,1
572.287,1
572.6,1
573.027,1
573.435,1
573.775,1
573.857,1
574.114,1
574.399,1
574.659,1
575.035,1
575.065,1
575.15,1
575.246,1
575.328,1
576.059,1
576.106,1
577.201,1
577.34,1
577.654,1
577.898,1
578.135,1
578.212,1
578.562,1
578.709,1
579.084,1
579.288,1
579.534,1
580.091,1
581.012,1
581.297,1
581.498,1
581.852,1
582.031,1
582.092,1
583.032,1
583.524,1
583.888,1
584.047,1
584.127,1
584.763,1
585.873,1
586.096,1
586.241,1
586.807,1
586.875,1
587.181,1
587.356,1
587.396,1
587.41,1
588.336,1
588.713,1
589.677,1
589.708,1
589.749,1
589.871,1
589.97,1
590.025,1
590.397,1
590.495,1
590.526,1
590.749,1
591.093,1
591.168,1
591.259,1
591.272,1
591.363,1
591.696,1
591.942,1
592.133,1
592.409,1
592.447,1
592.481,1
592.525,1
592.556,1
592.794,1
593.123,1
593.322,1
593.689,1
593.748,1
593.789,1
594.415,1
594.654,1
595.403,1
595.411,1
595.587,1
595.618,1
595.689,1
595.69,1
595.694,1
595.722,1
595.788,1
595.915,1
596.081,1
596.109,1
596.736,1
596.815,1
597.246,1
597.42,1
597.72,1
597.801,1
598.922,1
599.416,1
599.661,1
599.951,1
600.003,1
600.148,1
600.154,1
600.328,1
600.839,1
601.324,1
601.403,1
601.459,1
601.519,1
601.799,1
601.853,1
602.123,1
602.155,1
603.605,1
603.846,1
604.189,1
604.401,1
604.903,1
605.178,1
605.386,1
605.861,1
606.43,1
606.768,1
606.783,1
607.261,1
607.345,1
607.379,1
607.594,1
608.037,1
608.157,1
608.431,1
608.677,1
608.777,1
608.815,1
609.047,1
609.131,1
609.579,1
609.59,1
610.129,1
610.347,1
610.805,1
611.483,1
611.697,1
611.829,1
611.888,1
612.44,1
613.144,1
613.289,1
613.431,1
613.599,1
613.872,1
613.888,1
614.758,1
614.928,1
615.084,1
615.136,1
615.643,1
615.858,1
615.901,1
615.937,1
615.949,1
616.947,1
617.049,1
617.419,1
617.511,1
618.082,1
618.141,1
618.161,1
618.532,1
619.093,1
619.161,1
619.302,1
619.825,1
620.347,1
622.717,1
622.919,1
625.243,1
625.355,1
626.331,1
627.281,1
627.622,1
628.315,1
629.671,1
629.904,1
630.453,1
630.84,1
631.757,1
632.058,1
632.535,1
633.234,1
633.934,1
633.967,1
634.509,1
635.792,1
635.904,1
637.392,1
637.507,1
637.508,1
637.832,1
638.539,1
639.168,1
639.254,1
639.264,1
639.276,1
639.305,1
640.659,1
641.669,1
641.815,1
642.254,1
646.138,1
646.3,1
647.425,1
647.809,1
647.814,1
647.855,1
649.112,1
649.417,1
649.564,1
650.12,1
650.312,1
650.362,1
650.894,1
651.101,1
651.107,1
651.32,1
651.985,1
652.149,1
652.495,1
652.772,1
654.516,1
654.857,1
655.151,1
655.196,1
656.218,1
656.238,1
656.305,1
656.63,1
656.687,1
658.196,1
658.735,1
658.96,1
659.565,1
659.606,1
661.104,1
661.509,1
661.69,1
662.749,1
663.08,1
663.491,1
663.748,1
664.604,1
665.473,1
665.576,1
665.903,1
666.078,1
666.582,1
667.024,1
667.241,1
667.242,1
667.861,1
667.869,1
669.305,1
669.822,1
670.122,1
670.323,1
670.926,1
671.775,1
672.625,1
673.163,1
673.221,1
673.306,1
673.341,1
673.45,1
673.583,1
673.626,1
674.468,1
674.516,1
675.211,1
675.261,1
675.598,1
675.897,1
676.699,1
677.545,1
678.325,1
678.725,1
679.015,1
679.136,1
680.289,1
681.984,1
682.079,1
682.138,1
682.613,1
682.818,1
683.989,1
685.163,1
685.476,1
687.087,1
687.309,1
687.537,1
687.556,1
687.744,1
687.962,1
687.993,1
688.213,1
688.428,1
688.756,1
689.189,1
690.177,1
691.0,1
691.317,1
691.384,1
691.561,1
692.685,1
694.052,1
695.247,1
695.771,1
696.371,1
697.177,1
697.468,1
698.942,1
698.976,1
699.297,1
699.31,1
699.496,1
699.858,1
700.542,1
701.4,1
702.572,1
703.132,1
703.176,1
703.31,1
704.4,1
704.754,1
705.133,1
705.336,1
706.488,1
706.599,1
707.433,1
707.624,1
707.729,1
708.322,1
708.431,1
708.447,1
710.319,1
710.347,1
710.516,1
710.746,1
711.224,1
711.405,1
711.409,1
711.46,1
711.727,1
711.869,1
711.985,1
713.039,1
713.553,1
714.872,1
716.72,1
717.344,1
720.649,1
720.783,1
721.094,1
721.966,1
722.032,1
723.929,1
724.572,1
726.815,1
726.911,1
730.637,2
730.796,1
731.363,1
731.422,1
731.626,1
732.088,1
732.172,1
732.479,1
732.487,1
732.577,1
734.315,1
734.425,1
735.158,1
735.297,1
735.452,1
735.821,1
736.092,1
736.223,1
736.615,1
736.739,1
736.741,1
737.054,1
737.519,1
737.845,1
738.007,1
738.742,1
738.797,1
739.048,1
739.538,1
739.8,1
739.919,1
739.953,1
740.791,1
741.113,1
741.688,1
741.844,1
742.427,1
743.212,1
745.269,1
746.24,1
748.176,1
748.459,1
748.804,1
749.786,1
750.0,1
750.339,1
751.573,1
751.715,1
752.115,1
753.45,1
753.993,1
755.424,1
755.703,1
755.718,1
756.562,1
757.516,1
757.582,1
757.859,1
758.716,1
759.081,1
760.283,1
761.611,1
762.213,1
764.141,1
767.175,1
767.287,1
769.213,1
770.512,1
773.465,1
774.07,1
774.526,1
777.855,1
778.334,1
778.98,1
780.487,1
781.726,1
782.31,1
782.886,1
783.814,1
784.873,1
786.112,1
787.357,1
787.738,1
788.38,1
789.171,1
791.519,1
792.188,1
792.525,1
793.082,1
793.54,1
793.808,1
794.182,1
794.343,1
794.514,1
794.866,1
795.27,1
797.453,1
797.819,1
798.004,1
798.351,1
798.646,1
799.998,1
800.947,1
802.045,1
802.439,1
803.856,1
805.305,1
806.571,1
806.993,1
807.003,1
807.294,1
807.606,1
808.289,1
808.598,1
809.43,1
811.442,1
811.447,1
811.596,1
812.096,1
812.578,1
813.859,1
814.991,1
815.124,1
815.323,1
817.19,1
818.289,1
819.287,1
820.285,1
821.838,1
822.509,1
823.022,1
828.169,1
828.964,1
829.341,1
830.057,1
831.349,1
832.49,1
834.931,1
835.571,1
836.101,1
839.287,1
840.934,1
842.171,1
844.268,1
844.422,1
845.705,1
847.4,1
849.159,1
850.984,1
851.711,1
852.171,1
852.613,1
852.773,1
853.669,1
855.443,1
855.588,1
856.638,1
857.57,1
857.666,1
858.975,1
860.002,1
861.982,1
862.19,1
862.354,1
862.399,1
862.519,1
863.611,1
864.557,1
866.28,1
866.764,1
867.48,1
869.56,1
870.321,1
870.417,1
870.501,1
870.517,1
870.69,1
870.79,1
871.3,1
871.907,1
872.152,1
872.233,1
872.323,1
872.357,1
872.402,1
872.512,1
872.728,1
873.354,1
873.399,1
873.761,1
874.283,1
874.77,1
874.976,1
874.991,1
875.068,1
875.231,1
875.75,1
876.023,1
876.07,1
877.278,1
878.672,1
878.981,1
879.154,1
879.181,1
879.22,1
879.239,1
880.072,1
880.266,1
881.631,1
881.947,1
882.391,1
882.629,1
882.66,1
882.724,1
883.69,1
883.709,1
884.126,1
885.592,1
885.834,1
886.113,1
887.058,1
887.703,1
888.243,1
888.696,1
888.777,1
889.202,1
890.099,1
890.216,1
890.66,1
891.687,1
891.764,1
891.883,1
893.282,1
893.49,1
893.637,1
893.873,1
894.515,1
895.157,1
895.941,1
896.052,1
896.775,1
897.435,1
897.933,1
898.261,1
898.438,1
898.596,1
899.283,1
900.392,1
900.758,1
901.08,1
901.512,1
901.763,1
902.3,1
902.301,1
903.082,1
903.507,1
903.554,1
903.78,1
903.838,1
903.904,1
904.211,1
904.669,1
904.715,1
906.005,1
906.222,1
906.537,1
907.133,1
907.215,1
907.616,1
908.309,1
908.482,1
908.638,1
908.651,1
909.791,1
910.253,1
910.678,1
910.821,1
911.573,1
912.531,1
912.897,1
913.112,1
914.417,1
914.876,1
915.945,1
916.936,1
917.061,1
917.427,1
917.539,1
918.865,1
918.997,1
919.669,1
920.141,1
920.289,1
921.252,1
921.277,1
921.54,1
922.422,1
922.469,1
923.369,1
923.387,1
923.454,1
923.775,1
924.258,1
924.392,1
924.706,1
925.097,1
925.159,1
925.612,1
925.653,1
925.693,1
925.882,1
925.933,1
926.144,1
926.61,1
927.036,1
927.185,1
927.426,1
927.647,1
927.771,1
927.807,1
927.991,1
928.098,1
928.741,1
928.875,1
929.264,1
929.528,1
930.638,1
930.908,1
932.035,1
933.383,1
934.023,1
934.126,1
934.644,1
935.037,1
935.075,1
935.396,1
935.437,1
935.832,1
936.028,1
936.398,1
936.432,1
937.146,1
937.703,1
939.57,1
939.975,1
940.142,1
941.043,1
941.786,1
943.671,1
945.165,1
948.513,1
949.988,1
950.166,1
951.912,1
954.558,1
955.483,1
955.783,1
955.833,1
958.168,1
959.775,1
963.284,1
964.3,1
965.678,1
966.833,1
968.048,1
968.118,1
968.145,1
969.097,1
969.333,1
970.226,1
971.923,1
972.536,1
972.788,1
974.263,1
976.504,1
976.53,1
977.593,1
978.316,1
978.445,1
978.48,1
978.943,1
979.21,1
979.938,1
980.076,1
981.122,1
981.782,1
982.075,1
983.404,1
984.996,1
985.035,1
986.294,1
986.535,1
988.032,1
989.859,1
991.308,1
991.858,1
993.596,1
993.884,1
994.084,1
994.277,1
994.593,1
994.649,1
994.991,1
995.848,1
996.032,1
996.107,1
996.819,1
997.185,1
997.788,1
998.815,1
999.16,1
999.927,1
1000.058,1
1000.302,1
1000.528,1
1001.803,1
1001.815,1
1001.908,1
1002.171,1
1002.953,1
1004.687,1
1005.009,1
1005.124,1
1005.52,1
1006.232,1
1007.526,1
1008.158,1
1008.61,1
1008.95,1
1009.021,1
1009.241,1
1009.898,1
1009.96,1
1011.332,1
1011.959,1
1012.634,1
1013.014,1
1015.095,1
1015.123,1
1015.369,1
1015.542,1
1016.07,1
1017.004,1
1017.746,1
1018.643,1
1018.896,1
1019.117,1
1019.431,1
1020.037,1
1020.355,1
1020.574,1
1020.698,1
1021.256,1
1021.401,1
1023.822,1
1026.552,1
1026.59,1
1028.267,1
1028.706,1
1029.797,1
1031.176,1
1032.096,1
1032.958,1
1033.049,1
1033.457,1
1033.968,1
1035.689,1
1036.127,1
1037.205,1
1037.305,1
1037.468,1
1038.187,1
1038.722,1
1038.732,1
1038.884,1
1039.63,1
1041.009,1
1041.253,1
1041.561,1
1041.579,1
1042.42,1
1042.546,1
1043.232,1
1043.888,1
1043.988,1
1044.312,1
1044.451,1
1045.642,1
1045.652,1
1046.201,1
1046.34,1
1046.958,1
1047.136,1
1047.297,1
1047.465,1
1047.744,1
1047.806,1
1048.802,1
1049.076,1
1049.343,1
1049.495,1
1049.529,1
1050.121,1
1051.314,1
1051.755,1
1053.186,1
1054.126,1
1054.424,1
1054.434,1
1054.813,1
1054.904,1
1055.525,1
1055.538,1
1055.588,1
1055.645,1
1055.876,1
1056.364,1
1056.404,1
1056.439,1
1056.626,1
1056.687,1
1056.729,1
1056.81,1
1057.446,1
1058.25,1
1058.33,1
1058.374,1
1058.553,1
1058.822,1
1059.063,1
1059.496,1
1059.516,1
1059.637,1
1059.731,1
1059.945,1
1060.201,1
1060.321,1
1060.6,1
1060.611,1
1060.674,1
1060.9,1
1061.114,1
1062.207,1
1062.427,1
1062.967,1
1063.402,1
1063.497,1
1064.655,1
1064.887,1
1065.109,1
1065.938,1
1066.246,1
1067.031,1
1067.632,1
1068.331,1
1068.624,1
1072.129,1
1072.153,1
1072.17,1
1072.255,1
1072.428,1
1072.869,1
1072.956,1
1073.519,1
1074.304,1
1074.583,1
1074.635,1
1075.308,1
1075.328,1
1075.856,1
1075.993,1
1076.121,1
1076.286,1
1076.647,1
1076.901,1
1077.291,1
1077.412,1
1077.835,1
1077.851,1
1079.003,1
1079.322,1
1079.584,1
1080.014,1
1080.13,1
1080.166,1
1080.343,1
1080.45,1
1081.918,1
1083.173,1
1083.684,1
1084.047,1
1084.267,1
1086.45,1
1087.685,1
1087.804,1
1088.153,1
1088.749,1
1089.896,1
1089.977,1
1091.434,1
1093.555,1
1094.859,1
1095.896,1
1096.426,1
1096.636,1
1096.932,1
1097.386,1
1097.683,1
1098.178,1
1098.415,1
1098.998,1
1099.508,1
1100.632,1
1100.825,1
1101.45,1
1101.678,1
1101.72,1
1102.015,1
1102.083,1
1102.616,1
1102.701,1
1102.725,1
1102.914,1
1103.194,1
1103.866,1
1104.035,1
1104.084,1
1104.204,1
1105.193,1
1105.226,1
1105.466,1
1105.574,1
1105.589,1
1106.718,1
1106.767,1
1106.802,1
1107.375,1
1107.846,1
1108.494,1
1109.986,1
1110.989,1
1111.659,1
1111.994,1
1112.202,1
1113.143,1
1113.355,1
1113.478,1
1114.317,1
1114.422,1
1114.644,1
1115.411,1
1116.055,1
1116.155,1
1116.25,1
1116.418,1
1116.598,1
1116.667,1
1116.913,1
1117.844,1
1118.02,1
1118.207,1
1118.591,1
1118.796,1
1119.096,1
1119.233,1
1120.016,1
1120.095,1
1120.386,1
1121.26,1
1122.15,1
1122.346,1
1122.8,1
1122.882,1
1123.19,1
1123.53,1
1124.202,1
1124.695,1
1125.776,1
1126.679,1
1126.961,1
1128.169,1
1128.243,1
1128.573,1
1128.637,1
1128.747,1
1129.392,1
1129.56,1
1129.781,1
1130.168,1
1130.289,1
1130.867,1
1130.887,1
1131.186,1
1131.785,1
1131.878,1
1132.047,1
1132.189,1
1132.206,1
1132.327,1
1132.569,1
1132.978,1
1132.995,1
1133.128,1
1133.604,1
1134.125,1
1134.505,1
1134.902,1
1135.017,1
1135.811,1
1136.215,1
1136.408,1
1136.825,1
1136.972,1
1137.052,1
1137.157,1
1137.301,1
1137.414,1
1137.684,1
1137.845,1
1138.599,1
1138.901,1
1139.004,1
1139.302,1
1140.242,1
1140.591,1
1141.073,1
1141.353,1
1141.547,1
1142.22,1
1142.72,1
1143.039,1
1143.531,1
1144.141,1
1145.146,1
1145.642,1
1145.821,1
1146.329,1
1146.767,1
1147.379,1
1147.412,1
1147.427,1
1149.011,1
1149.115,1
1149.723,1
1150.064,1
1150.58,1
1150.745,1
1150.948,1
1150.979,1
1151.357,1
1151.516,1
1151.802,1
1151.85,1
1151.889,1
1151.998,1
1152.008,1
1152.691,1
1152.961,1
1153.042,1
1153.258,1
1153.285,1
1153.54,1
1153.792,1
1153.947,1
1153.966,1
1154.017,1
1154.135,1
1154.268,1
1154.476,1
1154.682,1
1155.325,1
1156.141,1
1157.357,1
1157.518,1
1158.22,1
1158.262,1
1158.859,1
1159.06,1
1159.317,1
1159.321,1
1159.842,1
1160.132,1
1160.584,1
1161.004,1
1161.303,1
1161.581,1
1161.632,1
1161.681,1
1162.004,1
1162.48,1
1162.516,1
1162.958,1
1162.972,1
1163.325,1
1163.736,1
1163.884,1
1164.284,1
1164.671,1
1165.126,1
1165.13,1
1165.306,1
1165.559,1
1165.735,1
1165.745,1
1166.211,1
1166.579,1
1167.219,1
1167.686,1
1167.981,1
1168.321,1
1168.736,1
1168.836,1
1169.239,1
1169.965,1
1170.231,1
1170.417,1
1170.961,1
1171.109,1
1171.496,1
1172.015,1
1172.142,1
1172.595,1
1173.134,1
1173.592,1
1173.599,1
1173.97,1
1174.093,1
1174.351,1
1174.429,1
1174.506,1
1174.729,1
1174.799,1
1174.98,1
1175.487,1
1175.815,1
1175.907,1
1176.195,1
1176.203,1
1176.421,1
1176.556,1
1176.657,1
1176.722,1
1177.147,1
1177.359,1
1177.656,1
1177.78,1
1177.831,1
1178.596,1
1178.915,1
1179.249,1
1179.95,1
1184.28,1
1184.665,1
1185.54,1
1186.232,1
1187.148,1
1187.231,1
1187.563,1
1187.586,1
1187.722,1
1188.475,1
1188.57,1
1188.706,1
1189.018,1
1189.02,1
1189.062,1
1189.41,1
1189.715,1
1189.735,1
1189.758,1
1190.731,1
1190.957,1
1191.116,1
1191.503,1
1191.537,1
1192.127,1
1192.159,1
1192.212,1
1192.237,1
1192.423,1
1193.115,1
1193.394,1
1194.015,1
1194.132,1
1194.393,1
1194.461,1
1194.631,1
1194.831,1
1194.887,1
1195.817,1
1195.82,1
1196.305,1
1196.935,1
1197.048,1
1197.104,1
1198.096,1
1198.477,1
1198.734,1
1199.403,1
1199.421,1
1199.426,1
1199.826,1
1200.564,1
1201.066,1
1201.391,1
1201.467,1
1201.668,1
1201.831,1
1202.287,1
1203.004,1
1203.676,1
1205.04,1
1205.096,1
1205.706,1
1206.479,1
1206.603,1
1206.849,1
1206.858,1
1207.081,1
1207.175,1
1207.506,1
1207.571,1
1208.054,1
1208.145,1
1208.709,1
1208.947,1
1209.367,1
1209.716,1
1209.767,1
1210.449,1
1211.154,1
1211.157,1
1211.263,1
1212.141,1
1212.718,1
1212.869,1
1213.024,1
1213.48,1
1213.692,1
1214.171,1
1214.493,1
1215.095,1
1215.573,1
1216.482,1
1216.561,1
1217.087,1
1217.597,1
1217.599,1
1217.855,1
1218.726,1
1218.82,1
1219.183,1
1219.314,1
1220.128,1
1220.236,1
1220.45,1
1220.669,1
1221.467,1
1221.488,1
1221.5,1
1221.602,1
1222.241,1
1222.329,1
1222.37,1
1222.877,1
1222.979,1
1223.27,1
1223.454,1
1223.83,1
1223.981,1
1224.623,1
1225.172,1
1225.335,1
1226.337,1
1226.505,1
1227.027,1
1227.392,1
1227.743,1
1227.86,1
1228.004,1
1228.649,1
1228.799,1
1229.044,1
1229.112,1
1229.248,1
1230.069,1
1230.336,1
1230.406,1
1231.286,1
1231.382,1
1231.698,1
1231.899,1
1232.065,1
1232.397,1
1232.974,1
1234.448,1
1234.992,1
1235.566,1
1235.71,1
1236.274,1
1236.863,1
1239.076,1
1239.39,1
1240.575,1
1240.808,1
1240.924,1
1240.964,1
1241.244,1
1241.584,1
1241.804,1
1242.133,1
1242.945,1
1243.312,1
1243.503,1
1243.611,1
1243.615,1
1244.501,1
1244.598,1
1245.108,1
1245.761,1
1245.925,1
1247.309,1
1247.771,1
1248.541,1
1248.665,1
1249.088,1
1249.255,1
1249.452,1
1249.518,1
1250.356,1
1251.306,1
1251.55,1
1251.763,1
1251.8,1
1251.935,1
1252.014,1
1252.043,1
1252.754,1
1252.793,1
1253.201,1
1253.23,1
1253.254,1
1253.668,1
1253.934,1
1254.625,1
1254.848,1
1255.372,1
1255.445,1
1255.975,1
1255.994,1
1256.115,1
1256.385,1
1256.61,1
1256.971,1
1257.552,1
1257.561,1
1257.76,1
1258.051,1
1258.503,1
1258.968,1
1259.007,1
1259.082,1
1259.172,1
1259.438,1
1259.519,1
1259.648,1
1259.682,1
1259.997,1
1260.248,1
1260.571,1
1260.615,1
1260.739,1
1260.807,1
1261.724,1
1261.941,1
1262.06,1
1262.272,1
1262.355,1
1262.475,1
1262.635,1
1262.857,1
1262.867,1
1263.445,1
1263.583,1
1264.099,1
1264.603,1
1264.677,1
1264.876,1
1265.068,1
1265.308,1
1265.358,1
1265.367,1
1265.383,1
1265.904,1
1266.173,1
1266.242,1
1266.454,1
1266.818,1
1267.567,1
1267.614,1
1267.784,1
1267.791,1
1267.986,1
1268.087,1
1268.121,1
1268.136,1
1268.389,1
1268.55,1
1268.897,1
1269.336,1
1269.523,1
1269.794,1
1269.883,1
1269.946,1
1270.101,1
1270.373,1
1270.437,1
1271.477,1
1271.504,1
1271.526,1
1272.319,1
1272.618,1
1272.631,1
1273.085,1
1273.636,1
1273.719,1
1273.721,1
1273.946,1
1274.04,1
1274.386,1
1274.692,1
1274.808,1
1275.567,1
1276.175,1
1276.45,1
1276.666,1
1276.71,1
1276.875,1
1276.99,1
1277.178,1
1277.346,1
1277.37,1
1277.373,1
1277.382,1
1277.606,1
1277.638,1
1277.7,1
1277.925,1
1278.426,1
1278.433,1
1278.935,1
1279.082,1
1279.781,1
1279.865,1
1280.083,1
1281.797,1
1281.992,1
1283.053,1
1283.73,1
1283.744,1
1284.496,1
1284.82,1
1284.964,1
1285.364,1
1285.385,1
1285.966,1
1286.095,1
1286.459,1
1286.771,1
1286.927,1
1287.452,1
1288.903,1
1288.926,1
1289.015,1
1289.128,1
1289.167,1
1289.679,1
1289.753,1
1290.047,1
1290.235,1
1290.719,1
1291.062,1
1291.105,1
1291.229,1
1291.441,1
1291.458,1
1291.5,1
1291.504,1
1291.697,1
1291.706,1
1292.815,1
1292.918,1
1293.365,1
1293.465,1
1293.542,1
1293.703,1
1294.07,1
1294.326,1
1294.927,1
1294.947,1
1295.027,1
1295.119,1
1295.343,1
1295.469,1
1295.554,1
1295.784,1
1295.949,1
1295.979,1
1296.251,1
1296.402,1
1296.425,1
1296.627,1
1296.67,1
1296.846,1
1297.3,1
1297.489,1
1297.711,1
1297.852,1
1297.931,1
1297.958,1
1298.009,1
1298.266,1
1298.72,1
1299.043,1
1299.051,1
1299.261,1
1299.384,1
1299.57,1
1299.581,1
1299.638,1
1299.667,1
1300.082,1
1300.471,1
1300.482,1
1301.595,1
1301.614,1
1301.62,1
1302.86,1
1304.475,1
1304.604,1
1304.615,1
1304.786,1
1305.02,1
1305.208,1
1305.279,1
1305.323,1
1305.656,1
1306.343,1
1306.575,1
1306.58,1
1307.073,1
1307.079,1
1307.084,1
1307.154,1
1307.311,1
1307.319,1
1307.503,1
1307.651,1
1307.764,1
1307.924,1
1307.976,1
1307.986,1
1308.485,1
1308.51,1
1308.984,1
1309.316,1
1309.391,1
1309.518,1
1309.579,1
1309.582,1
1309.863,1
1309.976,1
1310.015,1
1310.074,1
1310.658,1
1310.719,1
1311.012,1
1311.353,1
1311.801,1
1311.848,1
1311.917,1
1312.505,1
1312.765,1
1312.77,1
1313.103,1
1313.474,1
1313.585,1
1313.587,1
1313.822,1
1313.934,1
1314.512,1
1314.562,1
1314.609,1
1314.857,1
1315.271,1
1315.585,1
1315.948,1
1316.043,1
1316.559,1
1316.991,1
1317.065,1
1317.345,1
1317.522,1
1317.659,1
1317.753,1
1317.765,1
1317.795,1
1317.8,1
1317.89,1
1318.772,1
1318.803,1
1318.979,1
1319.137,1
1319.177,1
1319.913,1
1320.558,1
1320.643,1
1320.946,1
1321.257,1
1321.339,1
1321.591,1
1321.982,1
1322.058,1
1322.198,1
1322.253,1
1322.598,1
1322.902,1
1322.917,1
1323.161,1
1323.167,1
1323.467,1
1323.841,1
1324.258,1
1324.774,1
1324.935,1
1325.411,1
1325.829,1
1326.026,1
1326.077,1
1326.292,1
1326.364,1
1326.421,1
1326.518,1
1326.631,1
1326.647,1
1327.14,1
1327.246,1
1327.294,1
1327.434,1
1327.676,1
1327.759,1
1327.762,1
1328.009,1
1328.039,1
1328.052,1
1328.216,1
1328.373,1
1328.82,1
1329.809,1
1329.828,1
1330.185,1
1330.477,1
1330.958,1
1331.105,1
1331.459,1
1331.628,1
1331.749,1
1331.813,1
1331.934,1
1332.191,1
1332.301,1
1332.498,1
1332.569,1
1332.598,1
1332.912,1
1333.359,1
1333.563,1
1333.676,1
1334.094,1
1334.296,1
1334.359,1
1334.6,1
1334.686,1
1334.905,1
1335.094,1
1335.44,1
1335.48,1
1335.521,1
1335.944,1
1336.72,1
1336.731,1
1336.741,1
1336.827,1
1337.12,1
1337.382,1
1337.923,1
1337.942,1
1338.013,1
1338.238,1
1338.418,1
1338.978,1
1339.049,1
1339.144,1
1339.173,1
1339.259,1
1339.896,1
1340.075,1
1340.09,1
1340.665,1
1340.686,1
1340.716,1
1340.733,1
1340.841,1
1341.867,1
1342.006,1
1342.368,1
1342.685,1
1342.76,1
1342.886,1
1342.98,1
1343.038,1
1343.081,1
1343.455,1
1343.489,1
1343.539,1
1343.806,1
1344.161,1
1344.766,1
1345.307,1
1345.537,1
1345.566,1
1345.984,1
1346.448,1
1346.614,1
1346.905,1
1347.037,1
1347.379,1
1347.635,1
1347.806,1
1348.027,1
1348.269,1
1348.504,1
1348.936,1
1349.055,1
1349.092,1
1349.958,1
1350.467,1
1350.786,1
1351.001,1
1352.314,1
1352.722,1
1352.73,1
1352.866,1
1353.009,1
1353.013,1
1353.08,1
1353.969,1
1354.129,1
1354.144,1
1354.464,1
1355.371,1
1355.44,1
1356.125,1
1356.254,1
1356.259,1
1356.778,1
1357.066,1
1359.06,1
1359.108,1
1359.27,1
1359.282,1
1359.298,1
1359.413,1
1359.601,1
1360.728,1
1360.96,1
1361.085,1
1361.185,1
1361.397,1
1361.423,1
1362.512,1
1362.538,1
1362.563,1
1362.698,1
1362.822,1
1362.981,1
1363.132,1
1363.241,1
1363.34,1
1363.725,1
1363.795,1
1364.251,1
1366.508,1
1366.731,1
1366.8,1
1366.879,1
1366.918,1
1366.984,1
1366.999,1
1367.071,1
1367.083,1
1367.439,1
1367.86,1
1368.015,1
1368.067,1
1368.548,1
1369.31,1
1369.365,1
1369.441,1
1369.512,1
1369.572,1
1369.624,1
1369.676,1
1370.268,1
1370.312,1
1370.333,1
1370.418,1
1370.621,1
1370.648,1
1371.287,1
1371.311,1
1371.395,1
1371.406,1
1371.505,1
1371.908,1
1371.966,1
1371.979,1
1372.148,1
1372.212,1
1372.238,1
1372.403,1
1372.452,1
1372.634,1
1372.905,1
1373.029,1
1373.16,1
1373.406,1
1374.064,1
1374.111,1
1374.288,1
1374.526,1
1374.646,1
1374.718,1
1374.757,1
1374.769,1
1375.053,1
1375.218,1
1375.302,1
1375.842,1
1375.913,1
1375.963,1
1376.15,1
1376.404,1
1376.414,1
1376.449,1
1376.51,1
1376.802,1
1377.239,1
1377.347,1
1377.378,1
1377.524,1
1377.546,1
1377.861,1
1377.923,1
1378.259,1
1378.877,1
1378.901,1
1378.945,1
1379.601,1
1379.604,1
1379.958,1
1380.187,1
1380.246,1
1380.558,1
1380.613,1
1380.659,1
1380.725,1
1380.726,1
1380.911,1
1381.051,1
1381.078,1
1381.083,1
1381.212,1
1381.426,1
1381.509,1
1381.972,1
1381.99,1
1382.072,1
1382.326,1
1382.506,1
1382.563,1
1383.05,1
1383.258,1
1383.309,1
1383.788,1
1385.437,1
1385.595,1
1385.92,1
1385.936,1
1386.103,1
1386.203,1
1386.215,1
1386.284,1
1386.354,1
1386.416,1
1386.526,1
1386.732,1
1387.288,1
1387.437,1
1387.501,1
1387.717,1
1388.098,1
1388.224,1
1388.293,1
1388.429,1
1388.444,1
1388.812,1
1388.818,1
1389.136,1
1389.157,1
1389.277,1
1389.366,1
1389.421,1
1389.427,1
1389.566,1
1389.593,1
1389.625,1
1389.671,1
1389.703,1
1389.758,1
1389.829,1
1389.839,1
1389.857,1
1389.873,1
1389.937,1
1389.942,1
1389.955,1
1389.967,1
1390.038,1
1390.183,1
1390.19,1
1390.196,1
1390.422,1
1390.811,1
1390.998,1
1391.21,1
1391.93,1
1392.021,1
1392.215,1
1392.434,1
1392.638,1
1392.967,1
1393.004,1
1393.163,1
1393.413,1
1393.566,1
1393.774,1
1393.888,1
1393.98,1
1394.8,1
1394.939,1
1395.002,1
1395.029,1
1395.169,1
1395.413,1
1395.562,1
1395.675,1
1396.365,1
1396.464,1
1396.63,1
1396.857,1
1396.887,1
1397.26,1
1397.692,1
1398.155,1
1398.335,1
1398.456,1
1398.799,1
1400.243,1
1400.526,1
1400.897,1
1401.184,1
1401.219,1
1401.805,1
1401.853,1
1402.379,1
1402.981,1
1403.113,1
1403.271,1
1403.276,1
1403.416,1
1403.425,1
1403.698,1
1403.821,1
1403.891,1
1404.092,1
1404.29,1
1404.674,1
1404.687,1
1406.088,1
1406.149,1
1406.189,1
1406.324,1
1406.644,1
1406.721,1
1407.258,1
1407.517,1
1407.604,1
1407.678,1
1408.05,1
1408.331,1
1409.086,1
1409.394,1
1409.455,1
1409.506,1
1409.807,1
1409.947,1
1410.12,1
1410.191,1
1410.53,1
1410.546,1
1410.548,1
1410.571,1
1410.835,1
1410.844,1
1410.896,1
1411.024,1
1411.044,1
1411.561,1
1412.095,1
1412.369,1
1412.785,1
1412.853,1
1413.138,1
1413.221,1
1413.324,1
1413.399,1
1414.134,1
1414.137,1
1414.642,1
1414.712,1
1414.727,1
1414.83,1
1415.057,1
1415.327,1
1415.328,1
1415.369,1
1415.419,1
1415.562,1
1415.639,1
1415.764,1
1416.187,1
1416.267,1
1416.371,1
1416.488,1
1416.877,1
1416.879,1
1416.984,1
1417.041,1
1417.08,1
1417.222,1
1417.256,1
1417.263,1
1417.421,1
1417.667,1
1417.686,1
1417.712,1
1417.755,1
1417.768,1
1417.897,1
1418.229,1
1418.32,1
1418.385,1
1418.387,1
1418.399,1
1418.451,1
1418.546,1
1418.656,1
1418.68,1
1418.696,1
1418.774,1
1419.024,1
1419.132,1
1419.137,1
1419.164,1
1419.7,1
1419.896,1
1419.906,1
1419.942,1
1420.115,1
1420.281,1
1420.398,1
1420.547,1
1420.776,1
1420.995,1
1421.168,1
1421.213,1
1421.223,1
1421.399,1
1421.416,1
1421.421,1
1421.555,1
1421.635,1
1421.652,1
1422.094,1
1422.181,1
1422.366,1
1422.602,1
1422.643,1
1422.7,1
1422.787,1
1422.843,1
1423.341,1
1423.589,1
1423.718,1
1424.147,1
1424.601,1
1424.751,1
1424.879,1
1425.051,1
1425.215,1
1425.382,1
1426.166,1
1426.257,1
1426.806,1
1426.869,1
1427.65,1
1427.845,1
1428.059,1
1428.619,1
1428.702,1
1428.779,1
1428.904,1
1429.168,1
1429.818,1
1430.128,1
1430.29,1
1430.516,1
1430.762,1
1430.799,1
1431.209,1
1431.276,1
1431.762,1
1432.319,1
1433.075,1
1433.213,1
1433.239,1
1433.283,1
1433.516,1
1433.654,1
1433.744,1
1434.102,1
1434.181,1
1434.627,1
1434.723,1
1434.796,1
1434.904,1
1435.2,1
1435.205,1
1435.514,1
1435.656,1
1435.856,1
1436.251,1
1436.337,1
1436.522,1
1436.532,1
1437.27,1
1437.693,1
1438.055,1
1438.283,1
1438.293,1
1438.448,1
1438.49,1
1438.763,1
1438.939,1
1438.957,1
1438.971,1
1439.741,1
1439.745,1
1439.907,1
1439.97,1
1440.001,1
1440.179,1
1440.266,1
1440.395,1
1440.437,1
1440.474,1
1440.723,1
1440.916,1
1441.147,1
1441.489,1
1441.537,1
1441.633,1
1441.795,1
1442.016,1
1442.018,1
1442.026,1
1442.426,1
1442.432,1
1442.586,1
1442.65,1
1442.697,1
1442.832,1
1442.965,1
1443.587,1
1443.808,1
1443.861,1
1443.877,1
1444.345,1
1445.03,1
1445.126,1
1445.211,1
1445.538,1
1445.58,1
1445.589,1
1445.969,1
1446.399,1
1446.757,1
1446.938,1
1447.291,1
1447.731,1
1447.93,1
1447.956,1
1448.227,1
1448.881,1
1449.104,1
1449.33,1
1449.475,1
1449.612,1
1449.95,1
1450.896,1
1450.958,1
1451.039,1
1451.106,1
1451.166,1
1451.403,1
1451.473,1
1451.636,1
1452.172,1
1452.239,1
1452.245,1
1452.401,1
1452.712,1
1452.728,1
1452.857,1
1452.94,1
1453.152,1
1453.25,1
1453.388,1
1453.612,1
1453.721,1
1454.11,1
1454.141,1
1454.274,1
1454.334,1
1454.661,1
1454.74,1
1454.775,1
1455.161,1
1455.18,1
1455.406,1
1455.483,1
1455.631,1
1455.757,1
1456.143,1
1456.416,1
1456.595,1
1456.703,1
1456.711,1
1456.89,1
1456.926,1
1457.0,1
1457.177,1
1457.402,1
1457.549,1
1457.763,1
1457.824,1
1457.854,1
1458.222,1
1458.798,1
1458.82,1
1458.917,1
1458.95,1
1459.061,1
1459.807,1
1460.005,1
1460.026,1
1460.267,1
1460.737,1
1460.752,1
1460.899,1
1461.014,1
1461.209,1
1461.36,1
1461.468,1
1461.587,1
1461.61,1
1461.871,1
1462.281,1
1462.584,1
1462.593,1
1462.752,1
1462.859,1
1462.888,1
1462.913,1
1462.929,1
1463.391,1
1463.58,1
1463.863,1
1463.881,1
1463.954,1
1463.963,1
1464.027,1
1464.044,1
1464.133,1
1464.692,1
1464.958,1
1465.136,1
1465.207,1
1465.272,1
1465.384,1
1466.561,1
1466.747,1
1467.504,1
1467.619,1
1467.672,1
1468.101,1
1468.182,1
1468.245,1
1468.301,1
1468.382,1
1468.433,1
1468.869,1
1469.19,1
1469.662,1
1469.73,1
1469.775,1
1469.87,1
1470.258,1
1470.563,1
1470.568,1
1470.582,1
1470.712,1
1470.823,1
1471.547,1
1471.621,1
1471.951,1
1472.054,1
1472.222,1
1472.225,1
1472.355,1
1472.866,1
1473.55,1
1473.721,1
1473.852,1
1474.009,1
1474.068,1
1474.23,1
1474.232,1
1474.554,1
1474.678,1
1474.684,1
1474.688,1
1475.23,1
1475.703,1
1475.883,1
1476.366,1
1476.481,1
1476.717,1
1476.826,1
1476.827,1
1476.851,1
1476.938,1
1477.022,1
1477.123,1
1477.352,1
1477.364,1
1477.4,1
1477.455,1
1477.515,1
1477.542,1
1477.61,1
1477.894,1
1478.039,1
1478.287,1
1478.297,1
1478.565,1
1478.654,1
1478.686,1
1478.782,1
1479.531,1
1479.583,1
1479.791,1
1479.903,1
1479.929,1
1480.28,1
1480.29,1
1480.378,1
1480.562,1
1480.701,1
1480.74,1
1481.248,1
1481.363,1
1481.65,1
1481.706,1
1481.84,1
1482.134,1
1482.209,1
1482.218,1
1482.416,1
1482.675,1
1482.868,1
1483.089,1
1483.383,1
1483.567,1
1483.875,1
1483.889,1
1483.906,1
1483.928,1
1484.007,1
1484.042,1
1484.214,1
1484.24,1
1484.285,1
1484.483,1
1484.501,1
1484.6,1
1484.931,1
1485.098,1
1485.317,1
1485.596,1
1485.603,1
1485.997,1
1486.053,1
1486.11,1
1486.173,1
1486.496,1
1486.557,1
1486.757,1
1486.806,1
1486.809,1
1487.133,1
1487.214,1
1487.374,1
1487.378,1
1487.478,1
1487.493,1
1487.525,1
1487.651,1
